{
  "location": {
    "world": "world",
    "x": 63.02681289726801,
    "y": 122.0,
    "z": -97.5275430702554,
    "yaw": 133.46255,
    "pitch": 8.279084
  },
  "groups": [],
  "operator": false,
  "can-fly": false,
  "walk-speed": 0.2,
  "fly-speed": 0.1
}